#Release 10.1 - par K.31 (nt)
#Copyright (c) 1995-2008 Xilinx, Inc.  All rights reserved.

#Mon Aug 08 16:18:40 2011

#
## NOTE: This file is designed to be imported into a spreadsheet program
# such as Microsoft Excel for viewing, printing and sorting. The |
# character is used as the data field separator. This file is also designed
# to support parsing.
#
#INPUT FILE:       ez80p_map.ncd
#OUTPUT FILE:      ez80p_pad.csv
#PART TYPE:        xc3s200
#SPEED GRADE:      -4
#PACKAGE:          pq208
#
# Pinout by Pin Number:
# 
# -----,-----,-----,-----,-----,-----,-----,-----,-----,-----,-----,-----,-----,-----,-----,-----,
Pin Number,Signal Name,Pin Usage,Pin Name,Direction,IO Standard,IO Bank Number,Drive (mA),Slew Rate,Termination,IOB Delay,Voltage,Constraint,DCI Value,IO Register,Signal Integrity,
P1,,,GND,,,,,,,,,,,,,
P2,spare_io1,IOB,IO_L01P_7/VRN_7,INPUT,LVTTL,7,,,PULLUP,NONE,,LOCATED,,NO,NONE,
P3,expram_cs,IOB,IO_L01N_7/VRP_7,OUTPUT,LVTTL,7,12,SLOW,NONE**,,,LOCATED,,NO,NONE,
P4,ez80_mreq,IOB,IO_L16P_7/VREF_7,INPUT,LVTTL,7,,,,NONE,,LOCATED,,NO,NONE,
P5,ez80_ioreq,IOB,IO_L16N_7,INPUT,LVTTL,7,,,,NONE,,LOCATED,,NO,NONE,
P6,,,VCCO_7,,,7,,,,,3.30,,,,,
P7,ez80_addr<23>,IOB,IO_L19P_7,INPUT,LVTTL,7,,,,NONE,,LOCATED,,NO,NONE,
P8,,,GND,,,,,,,,,,,,,
P9,ez80_addr<22>,IOB,IO_L19N_7/VREF_7,INPUT,LVTTL,7,,,,NONE,,LOCATED,,NO,NONE,
P10,ez80_addr<21>,IOB,IO_L20P_7,INPUT,LVTTL,7,,,,NONE,,LOCATED,,NO,NONE,
P11,ez80_addr<20>,IOB,IO_L20N_7,INPUT,LVTTL,7,,,,NONE,,LOCATED,,NO,NONE,
P12,ez80_addr<19>,IOB,IO_L21P_7,INPUT,LVTTL,7,,,,NONE,,LOCATED,,NO,NONE,
P13,ez80_addr<18>,IOB,IO_L21N_7,INPUT,LVTTL,7,,,,NONE,,LOCATED,,NO,NONE,
P14,,,GND,,,,,,,,,,,,,
P15,ez80_addr<17>,IOB,IO_L22P_7,INPUT,LVTTL,7,,,,NONE,,LOCATED,,NO,NONE,
P16,ez80_addr<16>,IOB,IO_L22N_7,INPUT,LVTTL,7,,,,NONE,,LOCATED,,NO,NONE,
P17,,,VCCAUX,,,,,,,,2.5,,,,,
P18,ez80_addr<15>,IOB,IO_L23P_7,INPUT,LVTTL,7,,,,NONE,,LOCATED,,NO,NONE,
P19,ez80_read,IOB,IO_L23N_7,INPUT,LVTTL,7,,,,NONE,,LOCATED,,NO,NONE,
P20,ez80_databus<7>,IOB,IO_L24P_7,BIDIR,LVTTL,7,12,SLOW,NONE**,NONE,,LOCATED,,YES,NONE,
P21,ez80_databus<6>,IOB,IO_L24N_7,BIDIR,LVTTL,7,12,SLOW,NONE**,NONE,,LOCATED,,YES,NONE,
P22,ez80_databus<5>,IOB,IO_L39P_7,BIDIR,LVTTL,7,12,SLOW,NONE**,NONE,,LOCATED,,YES,NONE,
P23,,,VCCO_7,,,7,,,,,3.30,,,,,
P24,ez80_databus<4>,IOB,IO_L39N_7,BIDIR,LVTTL,7,12,SLOW,NONE**,NONE,,LOCATED,,YES,NONE,
P25,,,GND,,,,,,,,,,,,,
P26,ez80_addr<14>,IOB,IO_L40P_7,INPUT,LVTTL,7,,,,NONE,,LOCATED,,NO,NONE,
P27,ez80_addr<13>,IOB,IO_L40N_7/VREF_7,INPUT,LVTTL,7,,,,NONE,,LOCATED,,NO,NONE,
P28,ez80_addr<12>,IOB,IO_L40P_6/VREF_6,INPUT,LVTTL,6,,,,NONE,,LOCATED,,NO,NONE,
P29,ez80_addr<11>,IOB,IO_L40N_6,INPUT,LVTTL,6,,,,NONE,,LOCATED,,NO,NONE,
P30,,,GND,,,,,,,,,,,,,
P31,ez80_addr<10>,IOB,IO_L39P_6,INPUT,LVTTL,6,,,,NONE,,LOCATED,,NO,NONE,
P32,,,VCCO_6,,,6,,,,,3.30,,,,,
P33,ez80_addr<9>,IOB,IO_L39N_6,INPUT,LVTTL,6,,,,NONE,,LOCATED,,NO,NONE,
P34,ez80_addr<8>,IOB,IO_L24P_6,INPUT,LVTTL,6,,,,NONE,,LOCATED,,NO,NONE,
P35,ez80_addr<7>,IOB,IO_L24N_6/VREF_6,INPUT,LVTTL,6,,,,NONE,,LOCATED,,YES,NONE,
P36,ez80_addr<6>,IOB,IO_L23P_6,INPUT,LVTTL,6,,,,NONE,,LOCATED,,YES,NONE,
P37,ez80_addr<5>,IOB,IO_L23N_6,INPUT,LVTTL,6,,,,NONE,,LOCATED,,YES,NONE,
P38,,,VCCAUX,,,,,,,,2.5,,,,,
P39,ez80_write,IOB,IO_L22P_6,INPUT,LVTTL,6,,,,NONE,,LOCATED,,NO,NONE,
P40,ez80_databus<3>,IOB,IO_L22N_6,BIDIR,LVTTL,6,12,SLOW,NONE**,NONE,,LOCATED,,YES,NONE,
P41,,,GND,,,,,,,,,,,,,
P42,ez80_databus<2>,IOB,IO_L21P_6,BIDIR,LVTTL,6,12,SLOW,NONE**,NONE,,LOCATED,,YES,NONE,
P43,ez80_databus<1>,IOB,IO_L21N_6,BIDIR,LVTTL,6,12,SLOW,NONE**,NONE,,LOCATED,,YES,NONE,
P44,ez80_databus<0>,IOB,IO_L20P_6,BIDIR,LVTTL,6,12,SLOW,NONE**,NONE,,LOCATED,,YES,NONE,
P45,sys_ram_cs,IOB,IO_L20N_6,OUTPUT,LVTTL,6,12,SLOW,NONE**,,,LOCATED,,NO,NONE,
P46,ez80_addr<4>,IOB,IO_L19P_6,INPUT,LVTTL,6,,,,NONE,,LOCATED,,YES,NONE,
P47,,,GND,,,,,,,,,,,,,
P48,ez80_addr<3>,IOB,IO_L19N_6,INPUT,LVTTL,6,,,,NONE,,LOCATED,,YES,NONE,
P49,,,VCCO_6,,,6,,,,,3.30,,,,,
P50,ez80_addr<2>,IOB,IO/VREF_6,INPUT,LVTTL,6,,,,NONE,,LOCATED,,YES,NONE,
P51,ez80_addr<1>,IOB,IO_L01P_6/VRN_6,INPUT,LVTTL,6,,,,NONE,,LOCATED,,NO,NONE,
P52,ez80_addr<0>,IOB,IO_L01N_6/VRP_6,INPUT,LVTTL,6,,,,NONE,,LOCATED,,NO,NONE,
P53,,,GND,,,,,,,,,,,,,
P54,,,M1,,,,,,,,,,,,,
P55,,,M0,,,,,,,,,,,,,
P56,,,M2,,,,,,,,,,,,,
P57,ez80_clock,IOB,IO_L01P_5/CS_B,OUTPUT,LVTTL,5,12,SLOW,NONE**,,,LOCATED,,NO,NONE,
P58,sd_card_cs,IOB,IO_L01N_5/RDWR_B,OUTPUT,LVTTL,5,12,SLOW,NONE**,,,LOCATED,,NO,NONE,
P59,,,GND,,,,,,,,,,,,,
P60,,,VCCO_5,,,5,,,,,3.30,,,,,
P61,sd_card_din,IOB,IO_L10P_5/VRN_5,OUTPUT,LVTTL,5,12,SLOW,NONE**,,,LOCATED,,NO,NONE,
P62,sd_card_power,IOB,IO_L10N_5/VRP_5,OUTPUT,LVTTL,5,12,SLOW,NONE**,,,LOCATED,,NO,NONE,
P63,sd_card_clock,IOB,IO,OUTPUT,LVTTL,5,12,SLOW,NONE**,,,LOCATED,,NO,NONE,
P64,sd_card_dout,IOB,IO_L27P_5,INPUT,LVTTL,5,,,,NONE,,LOCATED,,YES,NONE,
P65,pic_clock_to_fpga,IOB,IO_L27N_5/VREF_5,INPUT,LVTTL,5,,,,NONE,,LOCATED,,YES,NONE,
P66,,,GND,,,,,,,,,,,,,
P67,ez80_irq,IOB,IO_L28P_5/D7,OUTPUT,LVTTL,5,12,SLOW,NONE**,,,LOCATED,,NO,NONE,
P68,vram_a_addr<18>,IOB,IO_L28N_5/D6,OUTPUT,LVTTL,5,12,SLOW,NONE**,,,LOCATED,,NO,NONE,
P69,,,VCCAUX,,,,,,,,2.5,,,,,
P70,,,VCCINT,,,,,,,,1.2,,,,,
P71,vram_a_addr<17>,IOB,IO,OUTPUT,LVTTL,5,12,SLOW,NONE**,,,LOCATED,,NO,NONE,
P72,vram_a_addr<16>,IOB,IO_L31P_5/D5,OUTPUT,LVTTL,5,12,SLOW,NONE**,,,LOCATED,,NO,NONE,
P73,,,VCCO_5,,,5,,,,,3.30,,,,,
P74,vram_a_addr<15>,IOB,IO_L31N_5/D4,OUTPUT,LVTTL,5,12,SLOW,NONE**,,,LOCATED,,NO,NONE,
P75,,,GND,,,,,,,,,,,,,
P76,clock_25mhz,IOB,IO_L32P_5/GCLK2,INPUT,LVTTL,5,,,,NONE,,LOCATED,,NO,NONE,
P77,vram_a_read,IOB,IO_L32N_5/GCLK3,OUTPUT,LVTTL,5,12,SLOW,NONE**,,,LOCATED,,NO,NONE,
P78,vram_a_databus<7>,IOB,IO/VREF_5,BIDIR,LVTTL,5,12,SLOW,NONE**,NONE,,LOCATED,,YES,NONE,
P79,vram_a_databus<6>,IOB,IO_L32P_4/GCLK0,BIDIR,LVTTL,4,12,SLOW,NONE**,NONE,,LOCATED,,YES,NONE,
P80,vram_a_databus<5>,IOB,IO_L32N_4/GCLK1,BIDIR,LVTTL,4,12,SLOW,NONE**,NONE,,LOCATED,,YES,NONE,
P81,clock_to_pic,IOB,IO_L31P_4/DOUT/BUSY,OUTPUT,LVTTL,4,12,SLOW,NONE**,,,LOCATED,,NO,NONE,
P82,,,GND,,,,,,,,,,,,,
P83,data_to_pic,IOB,IO_L31N_4/INIT_B,OUTPUT,LVTTL,4,12,SLOW,NONE**,,,LOCATED,,NO,NONE,
P84,,,VCCO_4,,,4,,,,,3.30,,,,,
P85,vram_a_databus<4>,IOB,IO/VREF_4,BIDIR,LVTTL,4,12,SLOW,NONE**,NONE,,LOCATED,,YES,NONE,
P86,vram_a_addr<14>,IOB,IO_L30P_4/D3,OUTPUT,LVTTL,4,12,SLOW,NONE**,,,LOCATED,,NO,NONE,
P87,vram_a_addr<13>,IOB,IO_L30N_4/D2,OUTPUT,LVTTL,4,12,SLOW,NONE**,,,LOCATED,,NO,NONE,
P88,,,VCCINT,,,,,,,,1.2,,,,,
P89,,,VCCAUX,,,,,,,,2.5,,,,,
P90,vram_a_addr<12>,IOB,IO_L27P_4/D1,OUTPUT,LVTTL,4,12,SLOW,NONE**,,,LOCATED,,NO,NONE,
P91,,,GND,,,,,,,,,,,,,
P92,eeprom_data_to_fpga,IOB,IO_L27N_4/DIN/D0,INPUT,LVTTL,4,,,PULLUP,NONE,,LOCATED,,YES,NONE,
P93,vram_a_addr<11>,IOB,IO,OUTPUT,LVTTL,4,12,SLOW,NONE**,,,LOCATED,,NO,NONE,
P94,vram_a_addr<10>,IOB,IO_L25P_4,OUTPUT,LVTTL,4,12,SLOW,NONE**,,,LOCATED,,NO,NONE,
P95,vram_a_addr<0>,IOB,IO_L25N_4,OUTPUT,LVTTL,4,12,SLOW,NONE**,,,LOCATED,,NO,NONE,
P96,vram_a_addr<1>,IOB,IO/VREF_4,OUTPUT,LVTTL,4,12,SLOW,NONE**,,,LOCATED,,NO,NONE,
P97,vram_a_addr<2>,IOB,IO,OUTPUT,LVTTL,4,12,SLOW,NONE**,,,LOCATED,,NO,NONE,
P98,,,VCCO_4,,,4,,,,,3.30,,,,,
P99,,,GND,,,,,,,,,,,,,
P100,vram_a_addr<3>,IOB,IO_L01P_4/VRN_4,OUTPUT,LVTTL,4,12,SLOW,NONE**,,,LOCATED,,NO,NONE,
P101,vram_a_addr<4>,IOB,IO_L01N_4/VRP_4,OUTPUT,LVTTL,4,12,SLOW,NONE**,,,LOCATED,,NO,NONE,
P102,vram_a_cs,IOB,IO/VREF_4,OUTPUT,LVTTL,4,12,SLOW,NONE**,,,LOCATED,,NO,NONE,
P103,,,DONE,,,,,,,,,,,,,
P104,,,CCLK,,,,,,,,,,,,,
P105,,,GND,,,,,,,,,,,,,
P106,vram_a_databus<0>,IOB,IO_L01P_3/VRN_3,BIDIR,LVTTL,3,12,SLOW,NONE**,NONE,,LOCATED,,YES,NONE,
P107,vram_a_databus<1>,IOB,IO_L01N_3/VRP_3,BIDIR,LVTTL,3,12,SLOW,NONE**,NONE,,LOCATED,,YES,NONE,
P108,vram_a_databus<2>,IOB,IO_L17P_3/VREF_3,BIDIR,LVTTL,3,12,SLOW,NONE**,NONE,,LOCATED,,YES,NONE,
P109,vram_a_databus<3>,IOB,IO_L17N_3,BIDIR,LVTTL,3,12,SLOW,NONE**,NONE,,LOCATED,,YES,NONE,
P110,,,VCCO_3,,,3,,,,,3.30,,,,,
P111,vram_a_write,IOB,IO_L19P_3,OUTPUT,LVTTL,3,12,SLOW,NONE**,,,LOCATED,,NO,NONE,
P112,,,GND,,,,,,,,,,,,,
P113,vram_a_addr<5>,IOB,IO_L19N_3,OUTPUT,LVTTL,3,12,SLOW,NONE**,,,LOCATED,,NO,NONE,
P114,vram_a_addr<6>,IOB,IO_L20P_3,OUTPUT,LVTTL,3,12,SLOW,NONE**,,,LOCATED,,NO,NONE,
P115,vram_a_addr<7>,IOB,IO_L20N_3,OUTPUT,LVTTL,3,12,SLOW,NONE**,,,LOCATED,,NO,NONE,
P116,vram_a_addr<8>,IOB,IO_L21P_3,OUTPUT,LVTTL,3,12,SLOW,NONE**,,,LOCATED,,NO,NONE,
P117,vram_a_addr<9>,IOB,IO_L21N_3,OUTPUT,LVTTL,3,12,SLOW,NONE**,,,LOCATED,,NO,NONE,
P118,,,GND,,,,,,,,,,,,,
P119,vram_b_address<18>,IOB,IO_L22P_3,OUTPUT,LVTTL,3,12,SLOW,NONE**,,,LOCATED,,NO,NONE,
P120,vram_b_address<17>,IOB,IO_L22N_3,OUTPUT,LVTTL,3,12,SLOW,NONE**,,,LOCATED,,NO,NONE,
P121,,,VCCAUX,,,,,,,,2.5,,,,,
P122,vram_b_address<16>,IOB,IO_L23P_3/VREF_3,OUTPUT,LVTTL,3,12,SLOW,NONE**,,,LOCATED,,NO,NONE,
P123,vram_b_address<15>,IOB,IO_L23N_3,OUTPUT,LVTTL,3,12,SLOW,NONE**,,,LOCATED,,NO,NONE,
P124,vram_b_read,IOB,IO_L24P_3,OUTPUT,LVTTL,3,12,SLOW,NONE**,,,LOCATED,,NO,NONE,
P125,vram_b_databus<7>,IOB,IO_L24N_3,BIDIR,LVTTL,3,12,SLOW,NONE**,NONE,,LOCATED,,NO,NONE,
P126,vram_b_databus<6>,IOB,IO_L39P_3,BIDIR,LVTTL,3,12,SLOW,NONE**,NONE,,LOCATED,,NO,NONE,
P127,,,VCCO_3,,,3,,,,,3.30,,,,,
P128,vram_b_databus<5>,IOB,IO_L39N_3,BIDIR,LVTTL,3,12,SLOW,NONE**,NONE,,LOCATED,,NO,NONE,
P129,,,GND,,,,,,,,,,,,,
P130,vram_b_databus<4>,IOB,IO_L40P_3,BIDIR,LVTTL,3,12,SLOW,NONE**,NONE,,LOCATED,,NO,NONE,
P131,vram_b_address<14>,IOB,IO_L40N_3/VREF_3,OUTPUT,LVTTL,3,12,SLOW,NONE**,,,LOCATED,,NO,NONE,
P132,vram_b_address<13>,IOB,IO_L40P_2/VREF_2,OUTPUT,LVTTL,2,12,SLOW,NONE**,,,LOCATED,,NO,NONE,
P133,vram_b_address<12>,IOB,IO_L40N_2,OUTPUT,LVTTL,2,12,SLOW,NONE**,,,LOCATED,,NO,NONE,
P134,,,GND,,,,,,,,,,,,,
P135,vram_b_address<11>,IOB,IO_L39P_2,OUTPUT,LVTTL,2,12,SLOW,NONE**,,,LOCATED,,NO,NONE,
P136,,,VCCO_2,,,2,,,,,3.30,,,,,
P137,vram_b_address<10>,IOB,IO_L39N_2,OUTPUT,LVTTL,2,12,SLOW,NONE**,,,LOCATED,,NO,NONE,
P138,vram_b_address<0>,IOB,IO_L24P_2,OUTPUT,LVTTL,2,12,SLOW,NONE**,,,LOCATED,,NO,NONE,
P139,vram_b_address<1>,IOB,IO_L24N_2,OUTPUT,LVTTL,2,12,SLOW,NONE**,,,LOCATED,,NO,NONE,
P140,vram_b_address<2>,IOB,IO_L23P_2,OUTPUT,LVTTL,2,12,SLOW,NONE**,,,LOCATED,,NO,NONE,
P141,vram_b_address<3>,IOB,IO_L23N_2/VREF_2,OUTPUT,LVTTL,2,12,SLOW,NONE**,,,LOCATED,,NO,NONE,
P142,,,VCCAUX,,,,,,,,2.5,,,,,
P143,vram_b_address<4>,IOB,IO_L22P_2,OUTPUT,LVTTL,2,12,SLOW,NONE**,,,LOCATED,,NO,NONE,
P144,vram_b_cs,IOB,IO_L22N_2,OUTPUT,LVTTL,2,12,SLOW,NONE**,,,LOCATED,,NO,NONE,
P145,,,GND,,,,,,,,,,,,,
P146,vram_b_databus<0>,IOB,IO_L21P_2,BIDIR,LVTTL,2,12,SLOW,NONE**,NONE,,LOCATED,,NO,NONE,
P147,vram_b_databus<1>,IOB,IO_L21N_2,BIDIR,LVTTL,2,12,SLOW,NONE**,NONE,,LOCATED,,NO,NONE,
P148,vram_b_address<9>,IOB,IO_L20P_2,OUTPUT,LVTTL,2,12,SLOW,NONE**,,,LOCATED,,NO,NONE,
P149,vram_b_address<8>,IOB,IO_L20N_2,OUTPUT,LVTTL,2,12,SLOW,NONE**,,,LOCATED,,NO,NONE,
P150,vram_b_address<7>,IOB,IO_L19P_2,OUTPUT,LVTTL,2,12,SLOW,NONE**,,,LOCATED,,NO,NONE,
P151,,,GND,,,,,,,,,,,,,
P152,vram_b_address<6>,IOB,IO_L19N_2,OUTPUT,LVTTL,2,12,SLOW,NONE**,,,LOCATED,,NO,NONE,
P153,,,VCCO_2,,,2,,,,,3.30,,,,,
P154,vram_b_address<5>,IOB,IO/VREF_2,OUTPUT,LVTTL,2,12,SLOW,NONE**,,,LOCATED,,NO,NONE,
P155,vram_b_write,IOB,IO_L01P_2/VRN_2,OUTPUT,LVTTL,2,12,SLOW,NONE**,,,LOCATED,,NO,NONE,
P156,vram_b_databus<3>,IOB,IO_L01N_2/VRP_2,BIDIR,LVTTL,2,12,SLOW,NONE**,NONE,,LOCATED,,NO,NONE,
P157,,,GND,,,,,,,,,,,,,
P158,,,TDO,,,,,,,,,,,,,
P159,,,TCK,,,,,,,,,,,,,
P160,,,TMS,,,,,,,,,,,,,
P161,,DIFFM,IO_L01P_1/VRN_1,UNUSED,,1,,,,,,,,,,
P162,vram_b_databus<2>,IOB,IO_L01N_1/VRP_1,BIDIR,LVTTL,1,12,SLOW,NONE**,NONE,,LOCATED,,NO,NONE,
P163,,,GND,,,,,,,,,,,,,
P164,,,VCCO_1,,,1,,,,,3.30,,,,,
P165,v_sync,IOB,IO_L10P_1,OUTPUT,LVTTL,1,12,SLOW,NONE**,,,LOCATED,,NO,NONE,
P166,blue_d,IOB,IO_L10N_1/VREF_1,OUTPUT,LVTTL,1,12,SLOW,NONE**,,,LOCATED,,NO,NONE,
P167,blue_c,IOB,IO,OUTPUT,LVTTL,1,12,SLOW,NONE**,,,LOCATED,,NO,NONE,
P168,blue_b,IOB,IO_L27P_1,OUTPUT,LVTTL,1,12,SLOW,NONE**,,,LOCATED,,NO,NONE,
P169,blue_a,IOB,IO_L27N_1,OUTPUT,LVTTL,1,12,SLOW,NONE**,,,LOCATED,,NO,NONE,
P170,,,GND,,,,,,,,,,,,,
P171,green_d,IOB,IO_L28P_1,OUTPUT,LVTTL,1,12,SLOW,NONE**,,,LOCATED,,NO,NONE,
P172,green_c,IOB,IO_L28N_1,OUTPUT,LVTTL,1,12,SLOW,NONE**,,,LOCATED,,NO,NONE,
P173,,,VCCAUX,,,,,,,,2.5,,,,,
P174,,,VCCINT,,,,,,,,1.2,,,,,
P175,green_b,IOB,IO,OUTPUT,LVTTL,1,12,SLOW,NONE**,,,LOCATED,,NO,NONE,
P176,green_a,IOB,IO_L31P_1,OUTPUT,LVTTL,1,12,SLOW,NONE**,,,LOCATED,,NO,NONE,
P177,,,VCCO_1,,,1,,,,,3.30,,,,,
P178,red_d,IOB,IO_L31N_1/VREF_1,OUTPUT,LVTTL,1,12,SLOW,NONE**,,,LOCATED,,NO,NONE,
P179,,,GND,,,,,,,,,,,,,
P180,red_c,IOB,IO_L32P_1/GCLK4,OUTPUT,LVTTL,1,12,SLOW,NONE**,,,LOCATED,,NO,NONE,
P181,red_b,IOB,IO_L32N_1/GCLK5,OUTPUT,LVTTL,1,12,SLOW,NONE**,,,LOCATED,,NO,NONE,
P182,red_a,IOB,IO,OUTPUT,LVTTL,1,12,SLOW,NONE**,,,LOCATED,,NO,NONE,
P183,h_sync,IOB,IO_L32P_0/GCLK6,OUTPUT,LVTTL,0,12,SLOW,NONE**,,,LOCATED,,NO,NONE,
P184,audio_right,IOB,IO_L32N_0/GCLK7,OUTPUT,LVTTL,0,12,SLOW,NONE**,,,LOCATED,,YES,NONE,
P185,audio_left,IOB,IO_L31P_0/VREF_0,OUTPUT,LVTTL,0,12,SLOW,NONE**,,,LOCATED,,YES,NONE,
P186,,,GND,,,,,,,,,,,,,
P187,mouse_data_out,IOB,IO_L31N_0,OUTPUT,LVTTL,0,12,SLOW,NONE**,,,LOCATED,,YES,NONE,
P188,,,VCCO_0,,,0,,,,,3.30,,,,,
P189,mouse_clock_out,IOB,IO,OUTPUT,LVTTL,0,12,SLOW,NONE**,,,LOCATED,,NO,NONE,
P190,keyboard_data_out,IOB,IO_L30P_0,OUTPUT,LVTTL,0,12,SLOW,NONE**,,,LOCATED,,YES,NONE,
P191,keyboard_clock_out,IOB,IO_L30N_0,OUTPUT,LVTTL,0,12,SLOW,NONE**,,,LOCATED,,NO,NONE,
P192,,,VCCINT,,,,,,,,1.2,,,,,
P193,,,VCCAUX,,,,,,,,2.5,,,,,
P194,keyboard_clock_in,IOB,IO_L27P_0,INPUT,LVTTL,0,,,,NONE,,LOCATED,,NO,NONE,
P195,,,GND,,,,,,,,,,,,,
P196,keyboard_data_in,IOB,IO_L27N_0,INPUT,LVTTL,0,,,,NONE,,LOCATED,,NO,NONE,
P197,mouse_clock_in,IOB,IO,INPUT,LVTTL,0,,,,NONE,,LOCATED,,NO,NONE,
P198,mouse_data_in,IOB,IO_L25P_0,INPUT,LVTTL,0,,,,NONE,,LOCATED,,NO,NONE,
P199,,DIFFS,IO_L25N_0,UNUSED,,0,,,,,,,,,,
P200,ez80_busreq,IOB,IO/VREF_0,OUTPUT,LVTTL,0,12,SLOW,NONE**,,,LOCATED,,NO,NONE,
P201,,,VCCO_0,,,0,,,,,3.30,,,,,
P202,,,GND,,,,,,,,,,,,,
P203,ez80_nmi,IOB,IO_L01P_0/VRN_0,OUTPUT,LVTTL,0,12,SLOW,NONE**,,,LOCATED,,NO,NONE,
P204,reset_in,IOB,IO_L01N_0/VRP_0,INPUT,LVTTL,0,,,,NONE,,LOCATED,,NO,NONE,
P205,ez80_wait,IOB,IO/VREF_0,OUTPUT,LVTTL,0,12,SLOW,NONE**,,,LOCATED,,NO,NONE,
P206,,,HSWAP_EN,,,,,,,,,,,,,
P207,,,PROG_B,,,,,,,,,,,,,
P208,,,TDI,,,,,,,,,,,,,

# -----,-----,-----,-----,-----,-----,-----,-----,-----,-----,-----,-----,-----,-----,-----,-----,
# 
#* Default value.
#** This default Pullup/Pulldown value can be overridden in Bitgen. 
#****** Special VCCO requirements may apply. Please consult the device 
#       family datasheet for specific guideline on VCCO requirements. 
#
#
#